x0,y0,z0,x1,y1,z1,x2,y2,z2,x3,y3,z3,x4,y4,z4,x5,y5,z5,x6,y6,z6,x7,y7,z7,x8,y8,z8,x9,y9,z9,x10,y10,z10,x11,y11,z11,x12,y12,z12,x13,y13,z13,x14,y14,z14,x15,y15,z15,x16,y16,z16,x17,y17,z17,x18,y18,z18,x19,y19,z19,x20,y20,z20
"{0.23938985168933868, 0.8208273649215698, 3.626362001796224e-07}","{0.297861248254776, 0.7969436645507812, -0.024382470175623894}","{0.3428592383861542, 0.7490125894546509, -0.038263361901044846}","{0.3770352005958557, 0.7035074234008789, -0.05210592970252037}","{0.40891003608703613, 0.675385057926178, -0.06564077734947205}","{0.3053008019924164, 0.6230985522270203, -0.01934308372437954}","{0.32111915946006775, 0.5401350259780884, -0.04212498664855957}","{0.3292200267314911, 0.5057274699211121, -0.05941791832447052}","{0.3348943293094635, 0.4912409782409668, -0.06907974183559418}","{0.2641511857509613, 0.6110466718673706, -0.021136607974767685}","{0.26357510685920715, 0.5146349668502808, -0.03667332977056503}","{0.2623308002948761, 0.46186184883117676, -0.049782510846853256}","{0.2600293755531311, 0.4253154993057251, -0.058386996388435364}","{0.2273627519607544, 0.6217698454856873, -0.027004333212971687}","{0.21458245813846588, 0.5384309887886047, -0.04231773316860199}","{0.20667316019535065, 0.48823821544647217, -0.05333753675222397}","{0.20221519470214844, 0.44885873794555664, -0.06057417392730713}","{0.19364005327224731, 0.6518733501434326, -0.03548239916563034}","{0.16781124472618103, 0.5982078313827515, -0.05049466714262962}","{0.15183471143245697, 0.5601131319999695, -0.05703973397612572}","{0.14118416607379913, 0.5234462022781372, -0.060135144740343094}"
"{0.23829349875450134, 0.8187153339385986, 3.800088279604097e-07}","{0.2969318926334381, 0.7943193316459656, -0.024810105562210083}","{0.34236788749694824, 0.7469301819801331, -0.038883935660123825}","{0.3784565031528473, 0.7011364698410034, -0.05278204008936882}","{0.4114423394203186, 0.673898458480835, -0.06638778746128082}","{0.30555349588394165, 0.6223188042640686, -0.01909513957798481}","{0.3223945200443268, 0.5404026508331299, -0.04079420864582062}","{0.3292188048362732, 0.5029749870300293, -0.05725271999835968}","{0.33317846059799194, 0.4841881990432739, -0.06667540222406387}","{0.26437222957611084, 0.6098730564117432, -0.02054077386856079}","{0.2651447355747223, 0.5142792463302612, -0.035432763397693634}","{0.26397910714149475, 0.4617399573326111, -0.047557223588228226}","{0.26146745681762695, 0.42460909485816956, -0.055455829948186874}","{0.2273542433977127, 0.6198822855949402, -0.02608359232544899}","{0.21542569994926453, 0.5369430780410767, -0.04100942239165306}","{0.2073744535446167, 0.48673102259635925, -0.051465027034282684}","{0.20246660709381104, 0.44705405831336975, -0.05828399956226349}","{0.1932896077632904, 0.649318516254425, -0.03430715948343277}","{0.16774147748947144, 0.5962826609611511, -0.048986077308654785}","{0.15157821774482727, 0.5588683485984802, -0.055278126150369644}","{0.1406196504831314, 0.5223654508590698, -0.05822774022817612}"
"{0.2395881712436676, 0.8203375339508057, 3.5222106475885084e-07}","{0.29883620142936707, 0.7952888607978821, -0.02349582128226757}","{0.3439352512359619, 0.7474460601806641, -0.03766018524765968}","{0.3781094551086426, 0.7015529870986938, -0.05207585170865059}","{0.41012731194496155, 0.672557532787323, -0.06617353111505508}","{0.3063906133174896, 0.6223576068878174, -0.018765468150377274}","{0.3205658793449402, 0.5378706455230713, -0.04293280467391014}","{0.3287597894668579, 0.5057048201560974, -0.060811396688222885}","{0.334927499294281, 0.4961218237876892, -0.07033547759056091}","{0.26500722765922546, 0.6110530495643616, -0.021339423954486847}","{0.2641294002532959, 0.5142641663551331, -0.03749619796872139}","{0.26302042603492737, 0.4618961811065674, -0.050462622195482254}","{0.26113730669021606, 0.42561498284339905, -0.058634161949157715}","{0.2281000018119812, 0.6225765943527222, -0.02814425528049469}","{0.21505142748355865, 0.5390238761901855, -0.04416155442595482}","{0.20748966932296753, 0.4872952699661255, -0.05486941710114479}","{0.20373669266700745, 0.4464491605758667, -0.06158927455544472}","{0.19443199038505554, 0.6533842086791992, -0.03748338297009468}","{0.1685713827610016, 0.5993032455444336, -0.05309484153985977}","{0.15275022387504578, 0.5604479908943176, -0.05945689231157303}","{0.14242516458034515, 0.5227023363113403, -0.06215036287903786}"
"{0.23392562568187714, 0.8196071982383728, 4.095842029983032e-07}","{0.29152223467826843, 0.7905656695365906, -0.024229232221841812}","{0.33683404326438904, 0.7390890717506409, -0.038156867027282715}","{0.3722389340400696, 0.6919994354248047, -0.05186256393790245}","{0.40637004375457764, 0.6650252342224121, -0.06539345532655716}","{0.29040756821632385, 0.6170408725738525, -0.020415473729372025}","{0.30608412623405457, 0.5337706804275513, -0.04239839315414429}","{0.31629112362861633, 0.4955309331417084, -0.05956239998340607}","{0.32393354177474976, 0.47349298000335693, -0.06994247436523438}","{0.25054389238357544, 0.6071637868881226, -0.022750921547412872}","{0.24781844019889832, 0.5097239017486572, -0.03943627327680588}","{0.2465333789587021, 0.4542164206504822, -0.0539381168782711}","{0.24371132254600525, 0.41366100311279297, -0.06371375918388367}","{0.21530985832214355, 0.6192648410797119, -0.028804617002606392}","{0.19999268651008606, 0.5356617569923401, -0.04541882872581482}","{0.19059491157531738, 0.48377594351768494, -0.05833292752504349}","{0.1842561662197113, 0.4414460062980652, -0.06689253449440002}","{0.18338805437088013, 0.6503244042396545, -0.037294138222932816}","{0.15629608929157257, 0.5964601635932922, -0.05252229794859886}","{0.13926023244857788, 0.5590602159500122, -0.059714801609516144}","{0.12706820666790009, 0.5219286680221558, -0.06365601718425751}"
"{0.2326115518808365, 0.8188726902008057, 4.16298092886791e-07}","{0.29095959663391113, 0.7899582982063293, -0.024807685986161232}","{0.3373129665851593, 0.7367250919342041, -0.03774549439549446}","{0.37316298484802246, 0.6883638501167297, -0.05032904073596001}","{0.40835991501808167, 0.6629310846328735, -0.06287642568349838}","{0.28680112957954407, 0.6144154071807861, -0.01855284906923771}","{0.3008294999599457, 0.5318024754524231, -0.03829183056950569}","{0.31042367219924927, 0.48943036794662476, -0.054522205144166946}","{0.3181219696998596, 0.4604669213294983, -0.06511592119932175}","{0.2478240728378296, 0.6058381199836731, -0.020353645086288452}","{0.24459905922412872, 0.5102918148040771, -0.03601370006799698}","{0.2434336245059967, 0.454406201839447, -0.050244927406311035}","{0.24087738990783691, 0.41225796937942505, -0.060121819376945496}","{0.2136669158935547, 0.6185832619667053, -0.02593551017343998}","{0.19871944189071655, 0.5357059836387634, -0.04219105467200279}","{0.1893898844718933, 0.483814537525177, -0.055286455899477005}","{0.1828094869852066, 0.44063544273376465, -0.0640086904168129}","{0.1825152039527893, 0.6500028371810913, -0.034098200500011444}","{0.1554637849330902, 0.5956546068191528, -0.049557119607925415}","{0.13856200873851776, 0.5574948787689209, -0.057353757321834564}","{0.1262098103761673, 0.5190527439117432, -0.06184806302189827}"
"{0.2318287342786789, 0.8174774050712585, 4.255952603671176e-07}","{0.2906379997730255, 0.7895637154579163, -0.025175953283905983}","{0.3365365266799927, 0.7376837134361267, -0.03829170763492584}","{0.3718233108520508, 0.6902375817298889, -0.05095262825489044}","{0.4062950015068054, 0.6646015048027039, -0.0635446086525917}","{0.28576844930648804, 0.6137012839317322, -0.018838457763195038}","{0.30032268166542053, 0.5312564373016357, -0.03883632272481918}","{0.31071001291275024, 0.4893643260002136, -0.055400628596544266}","{0.31909802556037903, 0.46114903688430786, -0.06610538065433502}","{0.24687758088111877, 0.6054285764694214, -0.020243201404809952}","{0.24352799355983734, 0.5100709795951843, -0.03581666201353073}","{0.24244189262390137, 0.45430678129196167, -0.05015020817518234}","{0.23998621106147766, 0.41246145963668823, -0.060182880610227585}","{0.2129320204257965, 0.6182737946510315, -0.025478621944785118}","{0.19826559722423553, 0.5358446836471558, -0.041649140417575836}","{0.18890734016895294, 0.4838826060295105, -0.054815541952848434}","{0.1820923238992691, 0.4408474862575531, -0.06357485055923462}","{0.18202249705791473, 0.6493949890136719, -0.03331407159566879}","{0.1551412045955658, 0.5947619676589966, -0.048799511045217514}","{0.13827835023403168, 0.5562697649002075, -0.05670585855841637}","{0.1258562207221985, 0.5175613164901733, -0.061245087534189224}"
"{0.23786115646362305, 0.6123781204223633, 3.800798822339857e-07}","{0.26081863045692444, 0.6487178802490234, -0.030268872156739235}","{0.2936941683292389, 0.6706860065460205, -0.04814276099205017}","{0.3278008699417114, 0.6871883273124695, -0.06287652254104614}","{0.3570842146873474, 0.7067532539367676, -0.07727847993373871}","{0.3551543951034546, 0.6087057590484619, -0.0363958403468132}","{0.4056338667869568, 0.5982643365859985, -0.05721611902117729}","{0.4362727999687195, 0.5849571824073792, -0.0726972371339798}","{0.4621513783931732, 0.571342945098877, -0.08344174176454544}","{0.35326045751571655, 0.5658128261566162, -0.03434700891375542}","{0.40957409143447876, 0.5440948605537415, -0.05257982388138771}","{0.44509077072143555, 0.526610255241394, -0.06674669682979584}","{0.47474753856658936, 0.510097086429596, -0.07672317326068878}","{0.3389912545681, 0.5332071185112, -0.03491001948714256}","{0.38762494921684265, 0.5055018663406372, -0.0520041361451149}","{0.4178418517112732, 0.4874297082424164, -0.06411541998386383}","{0.4433298707008362, 0.47344106435775757, -0.07207635045051575}","{0.3155544698238373, 0.5086557269096375, -0.03798557445406914}","{0.34687721729278564, 0.4760228395462036, -0.05352307856082916}","{0.36840134859085083, 0.4546603262424469, -0.061252593994140625}","{0.38901159167289734, 0.43742528557777405, -0.06581135094165802}"
"{0.24020525813102722, 0.611380934715271, 3.857468584556045e-07}","{0.2624460756778717, 0.6480013132095337, -0.030657947063446045}","{0.29585880041122437, 0.6701207160949707, -0.04851153865456581}","{0.3297504186630249, 0.6871993541717529, -0.06318014115095139}","{0.35861679911613464, 0.7064946889877319, -0.07759954780340195}","{0.35718098282814026, 0.6089034676551819, -0.037043455988168716}","{0.4074137508869171, 0.5979089736938477, -0.057900454849004745}","{0.43776607513427734, 0.5841245651245117, -0.0734039843082428}","{0.46324121952056885, 0.5700114369392395, -0.08421069383621216}","{0.35478946566581726, 0.5658773183822632, -0.03485368937253952}","{0.4109959006309509, 0.5436832904815674, -0.05318646505475044}","{0.4462718367576599, 0.5265275835990906, -0.06764314323663712}","{0.4756874740123749, 0.5103716850280762, -0.07793658971786499}","{0.34022048115730286, 0.5329710841178894, -0.035296473652124405}","{0.38846349716186523, 0.5048216581344604, -0.052512265741825104}","{0.4184325933456421, 0.48687389492988586, -0.06509615480899811}","{0.4437141716480255, 0.4729331135749817, -0.0734606385231018}","{0.3166707456111908, 0.5080184936523438, -0.038262441754341125}","{0.34839490056037903, 0.4761899709701538, -0.053900789469480515}","{0.3699014186859131, 0.4553168714046478, -0.06197233125567436}","{0.39061373472213745, 0.43835702538490295, -0.06690860539674759}"
"{0.24109482765197754, 0.6110489964485168, 3.830517982805759e-07}","{0.26310408115386963, 0.6463600397109985, -0.03213952109217644}","{0.29605695605278015, 0.6682455539703369, -0.050615034997463226}","{0.3299652934074402, 0.6849841475486755, -0.06568868458271027}","{0.35967445373535156, 0.7036375999450684, -0.08043278753757477}","{0.35845622420310974, 0.6081943511962891, -0.03777679055929184}","{0.4083571434020996, 0.5968072414398193, -0.05876615643501282}","{0.43850404024124146, 0.5827169418334961, -0.07466062158346176}","{0.4641774594783783, 0.5681936740875244, -0.085758276283741}","{0.3558678925037384, 0.5657817125320435, -0.03490974381566048}","{0.4112038314342499, 0.5433142185211182, -0.05318219214677811}","{0.44617539644241333, 0.5254205465316772, -0.06788675487041473}","{0.47517263889312744, 0.5086675882339478, -0.07839592546224594}","{0.34142839908599854, 0.5332502722740173, -0.034824974834918976}","{0.38906002044677734, 0.5048961639404297, -0.05199258401989937}","{0.4185578525066376, 0.4864760935306549, -0.06462747603654861}","{0.4433525502681732, 0.4722805321216583, -0.07301267981529236}","{0.3181590735912323, 0.5081119537353516, -0.037436578422784805}","{0.3495982885360718, 0.47518372535705566, -0.05309999734163284}","{0.3704184293746948, 0.45364710688591003, -0.06117815896868706}","{0.39026525616645813, 0.4361110329627991, -0.06608063727617264}"
"{0.24009579420089722, 0.6119136810302734, 3.814099045484909e-07}","{0.26252439618110657, 0.6481053829193115, -0.03252401947975159}","{0.29574933648109436, 0.6693454384803772, -0.05144955962896347}","{0.3297552168369293, 0.6847988367080688, -0.06681285053491592}","{0.3592694401741028, 0.7037045359611511, -0.08187912404537201}","{0.35689476132392883, 0.6085045337677002, -0.03980481997132301}","{0.40722689032554626, 0.5963091254234314, -0.0613715797662735}","{0.4375765919685364, 0.5815868973731995, -0.07735329121351242}","{0.4635113775730133, 0.5665895342826843, -0.08851166814565659}","{0.35415491461753845, 0.5652950406074524, -0.03672231733798981}","{0.4094330072402954, 0.5428242087364197, -0.05567384883761406}","{0.44475772976875305, 0.5249499082565308, -0.07044971734285355}","{0.4746663570404053, 0.5079793930053711, -0.08097276836633682}","{0.33975645899772644, 0.5324395298957825, -0.03632916137576103}","{0.3879126310348511, 0.5043249726295471, -0.05400881543755531}","{0.4178798496723175, 0.4856899380683899, -0.06683104485273361}","{0.44341224431991577, 0.47098878026008606, -0.07533852010965347}","{0.31676432490348816, 0.5077901482582092, -0.03860527649521828}","{0.34850549697875977, 0.4751681089401245, -0.05467008054256439}","{0.3694334328174591, 0.45356976985931396, -0.06307289749383926}","{0.38928624987602234, 0.4356715679168701, -0.06818484514951706}"
"{0.23885798454284668, 0.6132888197898865, 3.8820604686407023e-07}","{0.26188376545906067, 0.6488790512084961, -0.032275326550006866}","{0.2957416772842407, 0.6698718667030334, -0.05087439343333244}","{0.3300953805446625, 0.6852344274520874, -0.06595833599567413}","{0.35934069752693176, 0.7047299742698669, -0.08075873553752899}","{0.3572521209716797, 0.6093578934669495, -0.03848300129175186}","{0.40732383728027344, 0.5976610779762268, -0.059643831104040146}","{0.43760788440704346, 0.582189679145813, -0.0755772665143013}","{0.4631335735321045, 0.5659773945808411, -0.08672188967466354}","{0.3541855812072754, 0.5664401650428772, -0.035609662532806396}","{0.4100937843322754, 0.5433328151702881, -0.0542973056435585}","{0.44539231061935425, 0.5249190926551819, -0.06894766539335251}","{0.47446906566619873, 0.5074099898338318, -0.0792488157749176}","{0.33942216634750366, 0.5334198474884033, -0.03545369207859039}","{0.38802698254585266, 0.5048971772193909, -0.052970465272665024}","{0.41789814829826355, 0.48590004444122314, -0.06548154354095459}","{0.4427486062049866, 0.47094541788101196, -0.07363069802522659}","{0.31574147939682007, 0.5079069137573242, -0.037973079830408096}","{0.3478472828865051, 0.474865585565567, -0.05383211001753807}","{0.36910197138786316, 0.45340558886528015, -0.06180981546640396}","{0.38925307989120483, 0.4359866976737976, -0.06652116030454636}"
"{0.23951581120491028, 0.6139038801193237, 3.8201730490072805e-07}","{0.26196369528770447, 0.6490781903266907, -0.031682088971138}","{0.29532307386398315, 0.6701825261116028, -0.05009416863322258}","{0.3292636275291443, 0.6868469715118408, -0.06512026488780975}","{0.3585399091243744, 0.7061339020729065, -0.07992706447839737}","{0.3568597435951233, 0.6097909212112427, -0.03837071731686592}","{0.40634262561798096, 0.5981273055076599, -0.059807535260915756}","{0.4367872178554535, 0.5838518142700195, -0.07593081891536713}","{0.4626973271369934, 0.5689433813095093, -0.08722857385873795}","{0.3542202115058899, 0.5667455196380615, -0.0359920859336853}","{0.40952110290527344, 0.5437548756599426, -0.05472150817513466}","{0.4444308876991272, 0.5256745219230652, -0.06949517130851746}","{0.4739120602607727, 0.5083476305007935, -0.080107182264328}","{0.3393566608428955, 0.5337159037590027, -0.03631157800555229}","{0.38741928339004517, 0.5055361986160278, -0.05387328937649727}","{0.4170929789543152, 0.486907035112381, -0.06656137853860855}","{0.4423116147518158, 0.4720257520675659, -0.07501983642578125}","{0.31527119874954224, 0.5083540081977844, -0.03927350044250488}","{0.34708455204963684, 0.4751545190811157, -0.055175814777612686}","{0.36829543113708496, 0.45356035232543945, -0.0632728636264801}","{0.388862282037735, 0.43585747480392456, -0.06825575977563858}"
"{0.23896163702011108, 0.6140362024307251, 3.8005711644473195e-07}","{0.2614024877548218, 0.6488019227981567, -0.031094441190361977}","{0.2950599789619446, 0.6697627902030945, -0.049120645970106125}","{0.3292044699192047, 0.6864109635353088, -0.06385809928178787}","{0.35840803384780884, 0.7054407000541687, -0.07833303511142731}","{0.3565579950809479, 0.6094685196876526, -0.037476796656847}","{0.4064905345439911, 0.5978513956069946, -0.05861266329884529}","{0.4369530975818634, 0.5837748646736145, -0.07442758977413177}","{0.46259480714797974, 0.5692460536956787, -0.08544481545686722}","{0.3538268208503723, 0.5666360259056091, -0.035265497863292694}","{0.4094352126121521, 0.5436110496520996, -0.05373267084360123}","{0.4444538950920105, 0.5256779789924622, -0.06826020777225494}","{0.47373682260513306, 0.5087864398956299, -0.07859804481267929}","{0.3389843702316284, 0.5337411761283875, -0.035738471895456314}","{0.38736337423324585, 0.5051765441894531, -0.05307697504758835}","{0.4172763526439667, 0.4865950644016266, -0.0655997022986412}","{0.44263288378715515, 0.47211477160453796, -0.07390527427196503}","{0.3148822486400604, 0.5084089040756226, -0.03880500793457031}","{0.3466741144657135, 0.4749569594860077, -0.05460600554943085}","{0.3680160641670227, 0.45348823070526123, -0.06262341886758804}","{0.3887958228588104, 0.4361768364906311, -0.06748975813388824}"
"{0.2401987612247467, 0.6127067804336548, 3.830328125786764e-07}","{0.26279765367507935, 0.6473444104194641, -0.03156590089201927}","{0.2964589595794678, 0.6685822606086731, -0.04971432313323021}","{0.33031266927719116, 0.6853720545768738, -0.06464159488677979}","{0.3597128391265869, 0.7037519216537476, -0.07933471351861954}","{0.3589515686035156, 0.6091498136520386, -0.03705763444304466}","{0.40889474749565125, 0.5965081453323364, -0.058320119976997375}","{0.439358115196228, 0.5816916227340698, -0.0744829773902893}","{0.46537137031555176, 0.5667218565940857, -0.08572475612163544}","{0.3557795286178589, 0.5663034319877625, -0.03467865288257599}","{0.4111115038394928, 0.5429977774620056, -0.053022172302007675}","{0.4460042715072632, 0.5250711441040039, -0.06773548573255539}","{0.47543859481811523, 0.5084127187728882, -0.07825007289648056}","{0.34077689051628113, 0.5335553884506226, -0.03508791700005531}","{0.38818225264549255, 0.5046657919883728, -0.05206470191478729}","{0.4176332354545593, 0.4857988953590393, -0.06426709145307541}","{0.442909836769104, 0.47112324833869934, -0.07240640372037888}","{0.3166254758834839, 0.5083185434341431, -0.03823911026120186}","{0.348331093788147, 0.47542673349380493, -0.05360175669193268}","{0.36961525678634644, 0.45406636595726013, -0.06120669096708298}","{0.3904280364513397, 0.43655315041542053, -0.06581789255142212}"
"{0.24081644415855408, 0.6133237481117249, 3.778585266900336e-07}","{0.2638663053512573, 0.6479324698448181, -0.030195482075214386}","{0.2977583110332489, 0.6688745021820068, -0.04769786447286606}","{0.33157584071159363, 0.6851927042007446, -0.06228883937001228}","{0.36033713817596436, 0.703927755355835, -0.07661192119121552}","{0.3597458600997925, 0.609490156173706, -0.035255350172519684}","{0.4095843434333801, 0.5959831476211548, -0.05597953870892525}","{0.439690500497818, 0.5818982720375061, -0.07159741967916489}","{0.46539053320884705, 0.5675927400588989, -0.08239296078681946}","{0.3564600646495819, 0.5669732093811035, -0.03349931165575981}","{0.411999374628067, 0.5436240434646606, -0.051442038267850876}","{0.4468322694301605, 0.525709331035614, -0.0656110867857933}","{0.47596317529678345, 0.509127676486969, -0.07562142610549927}","{0.3413552939891815, 0.534346878528595, -0.034508466720581055}","{0.38890448212623596, 0.5058940649032593, -0.051213476806879044}","{0.4185923933982849, 0.4869396984577179, -0.06303070485591888}","{0.44375234842300415, 0.47224241495132446, -0.07077247649431229}","{0.317220002412796, 0.5088342428207397, -0.03815304487943649}","{0.3491915762424469, 0.47587519884109497, -0.05320838466286659}","{0.3704773187637329, 0.45443159341812134, -0.060437608510255814}","{0.3909670114517212, 0.436851441860199, -0.06468808650970459}"
"{0.24148070812225342, 0.613200843334198, 3.8329136486936477e-07}","{0.2643299698829651, 0.6484610438346863, -0.031434185802936554}","{0.2972925305366516, 0.6695101857185364, -0.049873799085617065}","{0.33110809326171875, 0.6857380867004395, -0.06505388766527176}","{0.3606545627117157, 0.7042641639709473, -0.07997522503137589}","{0.3589988350868225, 0.6099587082862854, -0.037866637110710144}","{0.40921807289123535, 0.5982767939567566, -0.05922020599246025}","{0.4396798014640808, 0.58389812707901, -0.0751187652349472}","{0.4655624330043793, 0.5691581964492798, -0.08618775755167007}","{0.356231689453125, 0.5669240355491638, -0.03553785756230354}","{0.41225332021713257, 0.5443686246871948, -0.05423182249069214}","{0.4472166895866394, 0.5266977548599243, -0.0688425675034523}","{0.47656404972076416, 0.5099446773529053, -0.0792095735669136}","{0.34142011404037476, 0.5338572263717651, -0.0359048992395401}","{0.389333575963974, 0.5056661367416382, -0.053275614976882935}","{0.41912052035331726, 0.48685914278030396, -0.06566588580608368}","{0.4443688988685608, 0.4720727503299713, -0.07390236109495163}","{0.3176063597202301, 0.5084702968597412, -0.038903556764125824}","{0.3490859866142273, 0.4758780002593994, -0.054624367505311966}","{0.370452880859375, 0.4545143246650696, -0.06246716156601906}","{0.3910082280635834, 0.4369398355484009, -0.06721369922161102}"
"{0.24319902062416077, 0.6103664636611938, 3.7959588894409535e-07}","{0.26531001925468445, 0.6476421356201172, -0.032299429178237915}","{0.2987743318080902, 0.6701727509498596, -0.051105305552482605}","{0.3328774571418762, 0.6862187385559082, -0.06645669043064117}","{0.36246970295906067, 0.7047589421272278, -0.08173326402902603}","{0.3593035042285919, 0.6105175614356995, -0.03987082839012146}","{0.4093542695045471, 0.5982052087783813, -0.06172759830951691}","{0.43977293372154236, 0.5840798020362854, -0.07783961296081543}","{0.46572741866111755, 0.569627046585083, -0.08907295018434525}","{0.35673922300338745, 0.5669849514961243, -0.03735434263944626}","{0.41267651319503784, 0.5442521572113037, -0.05647535249590874}","{0.4474830627441406, 0.5269603133201599, -0.07140987366437912}","{0.4768460988998413, 0.5105943083763123, -0.08214661478996277}","{0.34189340472221375, 0.5335176587104797, -0.03754756972193718}","{0.3896654546260834, 0.5052846670150757, -0.05527332052588463}","{0.4197135865688324, 0.4867021441459656, -0.06829734146595001}","{0.44528475403785706, 0.472256600856781, -0.07713519781827927}","{0.318098783493042, 0.5076227784156799, -0.04041166231036186}","{0.34996309876441956, 0.4750881791114807, -0.05649628862738609}","{0.3711772859096527, 0.45381706953048706, -0.06493204832077026}","{0.3916075527667999, 0.43622854351997375, -0.07028905302286148}"
"{0.24275793135166168, 0.6122936010360718, 3.779623796162923e-07}","{0.26535260677337646, 0.6483670473098755, -0.03197421506047249}","{0.2990347445011139, 0.6702848076820374, -0.05002230033278465}","{0.3326520025730133, 0.685976505279541, -0.06467305123806}","{0.36172083020210266, 0.7033336758613586, -0.07905027270317078}","{0.36072471737861633, 0.6095434427261353, -0.03738604113459587}","{0.4106098413467407, 0.595830500125885, -0.05805947259068489}","{0.440941721200943, 0.5817093253135681, -0.07361838221549988}","{0.46668174862861633, 0.5677417516708374, -0.08445575833320618}","{0.3573690354824066, 0.5668859481811523, -0.034471649676561356}","{0.412254273891449, 0.5432032942771912, -0.05262768641114235}","{0.4468991756439209, 0.5255302786827087, -0.0672626793384552}","{0.4757384657859802, 0.5093358755111694, -0.07766396552324295}","{0.3423307240009308, 0.5340095162391663, -0.034351836889982224}","{0.38979068398475647, 0.5053194761276245, -0.05149134621024132}","{0.41965141892433167, 0.4864456355571747, -0.0644889697432518}","{0.4449142515659332, 0.4715389311313629, -0.0731206163764}","{0.3185357451438904, 0.5084815621376038, -0.03688836470246315}","{0.35037219524383545, 0.4759851396083832, -0.05270390957593918}","{0.3711493909358978, 0.45423004031181335, -0.061140742152929306}","{0.39103564620018005, 0.4360087811946869, -0.06629665940999985}"
"{0.24168318510055542, 0.6113184690475464, 3.7910052697043284e-07}","{0.26473623514175415, 0.6474674344062805, -0.03183430805802345}","{0.298597514629364, 0.6689538955688477, -0.049924008548259735}","{0.33261358737945557, 0.6850818395614624, -0.06471406668424606}","{0.3618108034133911, 0.7037793397903442, -0.0791761577129364}","{0.36025699973106384, 0.6092879176139832, -0.03695790842175484}","{0.4104073643684387, 0.5965503454208374, -0.057650376111269}","{0.44071853160858154, 0.582177460193634, -0.07327146828174591}","{0.46650198101997375, 0.5677435994148254, -0.0842265784740448}","{0.3568650782108307, 0.5666620135307312, -0.03425760567188263}","{0.41154754161834717, 0.5439013242721558, -0.05247843638062477}","{0.44604119658470154, 0.5259629487991333, -0.0671016052365303}","{0.47493109107017517, 0.5093680024147034, -0.07750972360372543}","{0.34181976318359375, 0.5336715579032898, -0.03439047560095787}","{0.38926878571510315, 0.5054982900619507, -0.05150112137198448}","{0.41893458366394043, 0.48657292127609253, -0.06433486193418503}","{0.44418561458587646, 0.4717901051044464, -0.07287449389696121}","{0.31801190972328186, 0.508071780204773, -0.03722662106156349}","{0.3497195541858673, 0.4758853018283844, -0.05297636240720749}","{0.37075942754745483, 0.4540742039680481, -0.0613354854285717}","{0.39109688997268677, 0.4359157383441925, -0.06644963473081589}"
"{0.24197116494178772, 0.6128225326538086, 3.8055492268540547e-07}","{0.26461780071258545, 0.6478098630905151, -0.03159314766526222}","{0.2980765998363495, 0.6687072515487671, -0.04966256767511368}","{0.33152705430984497, 0.6849815249443054, -0.06445693224668503}","{0.3605645000934601, 0.7033876776695251, -0.07898395508527756}","{0.3599465489387512, 0.6087077260017395, -0.03728874772787094}","{0.41016969084739685, 0.5957818031311035, -0.058149464428424835}","{0.44072383642196655, 0.5813823938369751, -0.07382996380329132}","{0.4665806293487549, 0.5669333338737488, -0.0847434550523758}","{0.35662704706192017, 0.5661517977714539, -0.034641068428754807}","{0.41157495975494385, 0.5431153178215027, -0.05282919853925705}","{0.44637367129325867, 0.5254390239715576, -0.06735581159591675}","{0.4753245711326599, 0.5091025233268738, -0.07770805805921555}","{0.3416674733161926, 0.5334307551383972, -0.03476418927311897}","{0.38913625478744507, 0.504767656326294, -0.05173146352171898}","{0.4188328981399536, 0.486023485660553, -0.06434911489486694}","{0.44406551122665405, 0.4713713526725769, -0.07276181876659393}","{0.31780940294265747, 0.5082667469978333, -0.03757252171635628}","{0.3495972454547882, 0.4755091071128845, -0.053172267973423004}","{0.37065497040748596, 0.45371317863464355, -0.06135174259543419}","{0.3909459114074707, 0.43565917015075684, -0.06634504348039627}"
"{0.22452381253242493, 0.7887551188468933, 7.834531174921722e-07}","{0.319204717874527, 0.7449095845222473, -0.045956093817949295}","{0.39950478076934814, 0.6714495420455933, -0.0713602751493454}","{0.4722374677658081, 0.6126776933670044, -0.09621303528547287}","{0.5369175672531128, 0.5822287201881409, -0.12019544094800949}","{0.32427263259887695, 0.4373646080493927, -0.02066252939403057}","{0.34848207235336304, 0.3119420111179352, -0.042454760521650314}","{0.35786208510398865, 0.23875144124031067, -0.0642397329211235}","{0.3620776832103729, 0.17894360423088074, -0.08165998756885529}","{0.2605207562446594, 0.41627004742622375, -0.02176058106124401}","{0.26539358496665955, 0.2708055078983307, -0.03883769363164902}","{0.26926273107528687, 0.18958118557929993, -0.057397373020648956}","{0.26956436038017273, 0.12912774085998535, -0.07206957787275314}","{0.2002747654914856, 0.43064025044441223, -0.030456025153398514}","{0.18175825476646423, 0.293588787317276, -0.053195975720882416}","{0.16847050189971924, 0.21241971850395203, -0.07395196706056595}","{0.15639875829219818, 0.14371255040168762, -0.0884615108370781}","{0.14498867094516754, 0.47788286209106445, -0.04420371726155281}","{0.09841451048851013, 0.3791847229003906, -0.06993120908737183}","{0.06640367209911346, 0.31421545147895813, -0.08451778441667557}","{0.04036356508731842, 0.24896536767482758, -0.0935419350862503}"
"{0.22112438082695007, 0.7886680364608765, 7.766615226501017e-07}","{0.31590816378593445, 0.7452736496925354, -0.0472966805100441}","{0.39634618163108826, 0.6720618009567261, -0.07353723794221878}","{0.46890687942504883, 0.6120906472206116, -0.09865645319223404}","{0.5338212251663208, 0.5802819728851318, -0.12292083352804184}","{0.32185620069503784, 0.4400325119495392, -0.02528238296508789}","{0.34626874327659607, 0.31375086307525635, -0.04847237467765808}","{0.35539761185646057, 0.24011826515197754, -0.07055053114891052}","{0.35996943712234497, 0.1798238456249237, -0.08814014494419098}","{0.258367657661438, 0.4180721640586853, -0.025784851983189583}","{0.26390379667282104, 0.2715810537338257, -0.044367268681526184}","{0.2677580416202545, 0.18990865349769592, -0.0633678138256073}","{0.26873546838760376, 0.12913498282432556, -0.07834812253713608}","{0.19782444834709167, 0.4324793815612793, -0.03371074050664902}","{0.1808810830116272, 0.293628454208374, -0.05775930732488632}","{0.16639918088912964, 0.211349755525589, -0.07929158210754395}","{0.1536073237657547, 0.14204049110412598, -0.09428904205560684}","{0.1418769508600235, 0.4800242781639099, -0.04655198007822037}","{0.09521771967411041, 0.3818216323852539, -0.07349160313606262}","{0.0628918707370758, 0.3174266219139099, -0.08893337100744247}","{0.03695756196975708, 0.2529597878456116, -0.09845593571662903}"
"{0.21615001559257507, 0.7857942581176758, 7.689708922953287e-07}","{0.3112931251525879, 0.7427719235420227, -0.04811450093984604}","{0.392302930355072, 0.6698529124259949, -0.07491664588451385}","{0.46500763297080994, 0.6101125478744507, -0.100552499294281}","{0.5305895805358887, 0.5787987112998962, -0.12534330785274506}","{0.3184380829334259, 0.4373108148574829, -0.026293573901057243}","{0.3424140214920044, 0.3113555312156677, -0.05043313652276993}","{0.35135048627853394, 0.23882797360420227, -0.0736771672964096}","{0.3558013439178467, 0.17889612913131714, -0.09210546314716339}","{0.254611998796463, 0.41542378067970276, -0.0265151709318161}","{0.25970152020454407, 0.27042001485824585, -0.04588818550109863}","{0.2632056474685669, 0.18952766060829163, -0.0658596009016037}","{0.26345154643058777, 0.1296164095401764, -0.08160585910081863}","{0.19404004514217377, 0.43000972270965576, -0.03417668491601944}","{0.1768636554479599, 0.29203492403030396, -0.05847146362066269}","{0.1623368114233017, 0.21096771955490112, -0.08008873462677002}","{0.14925196766853333, 0.14267629384994507, -0.09516444802284241}","{0.13845692574977875, 0.4776778221130371, -0.046865370124578476}","{0.09211765229701996, 0.37930798530578613, -0.073799267411232}","{0.059977203607559204, 0.3152102530002594, -0.08920374512672424}","{0.0337604284286499, 0.2511711120605469, -0.0986761525273323}"
"{0.21298576891422272, 0.7858662605285645, 7.434754252244602e-07}","{0.3059758245944977, 0.7427526712417603, -0.048901110887527466}","{0.3865668475627899, 0.667859673500061, -0.07608640193939209}","{0.45886433124542236, 0.6084246635437012, -0.10154276341199875}","{0.5243767499923706, 0.5757009387016296, -0.12635040283203125}","{0.31472668051719666, 0.43978601694107056, -0.032257888466119766}","{0.3392256796360016, 0.31225132942199707, -0.05937456339597702}","{0.3482290506362915, 0.23921215534210205, -0.08439794927835464}","{0.35268843173980713, 0.17873883247375488, -0.10373907536268234}","{0.25015270709991455, 0.4162980020046234, -0.03240012004971504}","{0.25488996505737305, 0.2693319320678711, -0.054227303713560104}","{0.2590583860874176, 0.18807798624038696, -0.07577517628669739}","{0.25982987880706787, 0.12944653630256653, -0.09258628636598587}","{0.1886865645647049, 0.43050625920295715, -0.03966463729739189}","{0.17195293307304382, 0.29077309370040894, -0.06532957404851913}","{0.1583528220653534, 0.20766296982765198, -0.08800826221704483}","{0.14668922126293182, 0.13816618919372559, -0.10401324182748795}","{0.13246282935142517, 0.4779989719390869, -0.05181758850812912}","{0.0865437388420105, 0.3797394037246704, -0.0797218531370163}","{0.05438227951526642, 0.3149622082710266, -0.09566745162010193}","{0.028391778469085693, 0.25049418210983276, -0.10553702712059021}"
"{0.206914484500885, 0.785563051700592, 7.322778401430696e-07}","{0.30080968141555786, 0.7408736348152161, -0.04907045140862465}","{0.3807699382305145, 0.6664330959320068, -0.07672110199928284}","{0.4525177478790283, 0.6063248515129089, -0.10261944681406021}","{0.5176900625228882, 0.573075532913208, -0.12796682119369507}","{0.3105379343032837, 0.4379703402519226, -0.0340070016682148}","{0.3338904082775116, 0.3097316026687622, -0.06234033778309822}","{0.3419997990131378, 0.23669762909412384, -0.08830208331346512}","{0.3454613983631134, 0.17638146877288818, -0.10824831575155258}","{0.244654580950737, 0.41404181718826294, -0.03441053256392479}","{0.24903002381324768, 0.26729437708854675, -0.057477280497550964}","{0.25255170464515686, 0.18716299533843994, -0.07997090369462967}","{0.2527243196964264, 0.12936091423034668, -0.09728089720010757}","{0.18190665543079376, 0.4287519156932831, -0.04178269952535629}","{0.1657518744468689, 0.2888721227645874, -0.06813681125640869}","{0.1517799198627472, 0.2063474953174591, -0.09118746966123581}","{0.1399303376674652, 0.13743138313293457, -0.10739890486001968}","{0.12461413443088531, 0.4775342345237732, -0.05399047210812569}","{0.07940816879272461, 0.3795846700668335, -0.08207936584949493}","{0.047258660197257996, 0.3160845637321472, -0.09784965217113495}","{0.021566778421401978, 0.25343117117881775, -0.10748271644115448}"
